{"cameraMode":{"drawMode":0,"name":"Shaded","section":"Shading Mode"},"sceneLighting":true,"audioPlay":false,"sceneViewState":{"m_AlwaysRefresh":false,"showFog":true,"showSkybox":true,"showFlares":true,"showImageEffects":true,"showParticleSystems":true,"showVisualEffectGraphs":true,"m_FxEnabled":false},"in2DMode":false,"pivot":{"x":3.0754647254943849,"y":1.2951617240905762,"z":-1.3096624612808228},"rotation":{"x":-0.005685864482074976,"y":-0.0713474377989769,"z":0.0004068574635311961,"w":-0.9974418878555298},"size":11.744382858276368,"orthographic":false}