{"cameraMode":{"drawMode":0,"name":"Shaded","section":"Shading Mode"},"sceneLighting":true,"audioPlay":false,"sceneViewState":{"m_AlwaysRefresh":false,"showFog":true,"showSkybox":true,"showFlares":true,"showImageEffects":true,"showParticleSystems":true,"showVisualEffectGraphs":true,"m_FxEnabled":false},"in2DMode":false,"pivot":{"x":-1.4734838008880616,"y":1.6617980003356934,"z":-10.337364196777344},"rotation":{"x":0.12268679589033127,"y":0.007444161921739578,"z":-0.0009200237691402435,"w":0.9924158453941345},"size":16.69062042236328,"orthographic":true}